t_unix_ms,l,r,v_cell_1,v_bat,v_q,i_esc_1,i_esc_2,i_sys,temp_c,uptime_ms
1782481751200,0,0,0.000,6.615,6.624,0.188,0.188,0.151,25.990,967461
1782481751235,0,0,0.000,6.607,6.615,0.188,0.157,0.167,25.904,967494
1782481751270,0,0,0.000,6.624,6.615,0.188,0.157,0.188,25.904,967527
1782481751312,0,0,0.000,6.615,6.607,0.188,0.157,0.183,25.818,967560
1782481751339,0,0,0.000,6.624,6.624,0.157,0.157,0.140,25.904,967593
1782481751373,0,0,0.000,6.615,6.615,0.157,0.157,0.167,25.904,967626
1782481751403,0,0,0.000,6.624,6.615,0.188,0.157,0.167,25.904,967659
1782481751434,0,0,0.000,6.624,6.615,0.157,0.126,0.183,25.818,967692
1782481751468,0,0,0.000,6.624,6.607,0.188,0.188,0.204,25.904,967725
1782481751499,0,0,0.000,6.624,6.624,0.188,0.157,0.177,25.904,967758
1782481751533,0,0,0.000,6.624,6.615,0.188,0.220,0.199,25.818,967791
1782481751565,0,0,0.000,6.624,6.624,0.188,0.157,0.177,25.904,967824
1782481751599,0,0,0.000,6.624,6.615,0.188,0.188,0.161,25.904,967857
1782481751632,0,0,0.000,6.624,6.615,0.188,0.188,0.188,25.904,967890
1782481751667,0,0,0.012,6.624,6.615,0.251,0.157,0.188,25.904,967923
1782481751699,0,0,0.006,6.615,6.615,0.188,0.157,0.183,25.818,967956
1782481751733,0,0,0.000,6.624,6.615,0.188,0.126,0.194,25.818,967989
1782481751766,0,0,0.000,6.624,6.624,0.188,0.157,0.194,25.904,968022
1782481751798,0,0,0.000,6.615,6.599,0.188,0.157,0.188,25.990,968055
1782481751832,0,0,0.000,6.624,6.624,0.188,0.157,0.172,25.904,968088
1782481751868,0,0,0.000,6.624,6.615,0.188,0.157,0.194,25.904,968121
1782481751908,0,0,0.000,6.624,6.615,0.251,0.188,0.188,25.904,968154
1782481751941,0,0,0.000,6.615,6.615,0.188,0.188,0.199,25.904,968187
1782481751974,0,0,0.000,6.615,6.624,0.220,0.157,0.188,25.904,968220
1782481752006,0,0,0.000,6.632,6.615,0.188,0.157,0.172,25.818,968253
1782481752040,0,0,0.000,6.624,6.607,0.188,0.157,0.194,25.904,968286
1782481752073,0,0,0.006,6.624,6.615,0.157,0.157,0.161,25.818,968319
1782481752106,0,0,0.000,6.607,6.632,0.126,0.157,0.204,25.904,968352
1782481752138,0,0,0.006,6.624,6.607,0.188,0.157,0.183,25.904,968385
1782481752175,0,0,0.000,6.624,6.615,0.188,0.188,0.161,25.904,968418
1782481752204,0,0,0.000,6.632,6.624,0.157,0.188,0.118,25.904,968451
1782481752237,0,0,0.000,6.624,6.615,0.157,0.157,0.129,25.904,968484
1782481752277,0,0,0.006,6.632,6.624,0.188,0.157,0.113,25.904,968517
1782481752307,0,0,0.000,6.624,6.615,0.188,0.126,0.113,25.818,968550
1782481752337,0,0,0.000,6.624,6.615,0.157,0.157,0.167,25.904,968583
1782481752370,0,0,0.000,6.624,6.607,0.188,0.157,0.118,25.904,968616
1782481752403,0,0,0.000,6.624,6.624,0.188,0.157,0.151,25.904,968649
1782481752436,0,0,0.000,6.624,6.615,0.188,0.188,0.129,25.904,968682
1782481752468,0,0,0.000,6.624,6.624,0.157,0.220,0.129,25.904,968715
1782481752503,0,0,0.000,6.624,6.624,0.188,0.157,0.129,25.904,968748
1782481752535,0,0,0.000,6.624,6.624,0.188,0.157,0.151,25.904,968781
1782481752567,0,0,0.000,6.624,6.624,0.188,0.188,0.129,25.818,968814
1782481752601,0,0,0.000,6.624,6.624,0.220,0.157,0.140,25.818,968847
1782481752634,0,0,0.000,6.632,6.624,0.188,0.188,0.124,25.904,968880
1782481752667,0,0,0.000,6.624,6.615,0.126,0.157,0.108,25.904,968913
1782481752703,0,0,0.000,6.624,6.624,0.188,0.157,0.129,25.818,968946
1782481752733,0,0,0.000,6.624,6.624,0.188,0.157,0.118,25.904,968979
1782481752765,0,0,0.000,6.624,6.624,0.157,0.188,0.134,25.818,969012
1782481752798,0,0,0.006,6.624,6.624,0.188,0.157,0.124,25.818,969045
1782481752832,0,0,0.000,6.624,6.607,0.251,0.157,0.134,25.904,969078
1782481752865,0,0,0.000,6.624,6.615,0.188,0.157,0.118,25.904,969111
1782481752898,0,0,0.000,6.615,6.624,0.188,0.157,0.124,25.904,969144
1782481752931,0,0,0.000,6.624,6.624,0.188,0.157,0.124,25.904,969177
1782481752970,0,0,0.000,6.640,6.615,0.188,0.157,0.156,25.818,969210
1782481752999,0,0,0.000,6.615,6.624,0.188,0.157,0.156,25.904,969243
1782481753030,0,0,0.000,6.624,6.624,0.126,0.157,0.129,25.904,969276
1782481753062,0,0,0.000,6.640,6.615,0.251,0.157,0.151,25.904,969309
1782481753097,0,0,0.000,6.624,6.615,0.220,0.157,0.129,25.904,969342
1782481753128,0,0,0.006,6.624,6.632,0.188,0.157,0.118,25.990,969375
1782481753162,0,0,0.000,6.624,6.624,0.220,0.157,0.124,25.990,969408
1782481753199,0,0,0.000,6.615,6.624,0.188,0.157,0.129,25.904,969441
1782481753233,0,0,0.000,6.624,6.615,0.126,0.157,0.129,25.904,969474
1782481753262,0,0,0.000,6.624,6.624,0.188,0.157,0.140,25.904,969507
1782481753301,0,0,0.000,6.624,6.624,0.188,0.157,0.124,25.904,969540
1782481753329,0,0,0.000,6.615,6.615,0.157,0.126,0.118,25.904,969573
1782481753362,0,0,0.000,6.624,6.607,0.157,0.157,0.129,25.818,969606
1782481753395,0,0,0.000,6.624,6.615,0.188,0.157,0.129,25.904,969639
1782481753428,0,0,0.006,6.640,6.632,0.188,0.188,0.129,25.904,969672
1782481753461,0,0,0.000,6.624,6.615,0.188,0.157,0.129,25.904,969705
1782481753495,0,0,0.000,6.624,6.615,0.188,0.157,0.129,25.904,969738
1782481753527,0,0,0.000,6.624,6.615,0.188,0.157,0.129,25.904,969771
1782481753561,0,0,0.000,6.624,6.624,0.188,0.157,0.134,25.904,969804
1782481753595,0,0,0.000,6.624,6.624,0.188,0.157,0.134,25.904,969837
1782481753628,0,0,0.006,6.624,6.624,0.157,0.188,0.172,25.904,969870
1782481753660,0,0,0.006,6.624,6.615,0.220,0.157,0.194,25.990,969903
1782481753694,0,0,0.000,6.632,6.632,0.126,0.126,0.194,25.904,969936
1782481753728,0,0,0.000,6.632,6.615,0.220,0.157,0.183,25.904,969969
1782481753760,0,0,0.006,6.624,6.615,0.220,0.157,0.204,25.904,970002
1782481753794,0,0,0.000,6.632,6.615,0.188,0.126,0.183,25.904,970035
1782481753830,0,0,0.000,6.624,6.615,0.157,0.157,0.183,25.904,970068
1782481753860,0,0,0.000,6.624,6.615,0.220,0.157,0.183,25.904,970101
1782481753896,0,0,0.000,6.624,6.624,0.251,0.126,0.172,25.904,970134
1782481753932,0,0,0.000,6.624,6.615,0.188,0.157,0.177,25.904,970167
1782481753966,0,0,0.000,6.615,6.615,0.188,0.126,0.183,25.904,970200
1782481753995,0,0,0.006,6.615,6.607,0.188,0.157,0.188,25.818,970233
1782481754028,0,0,0.000,6.624,6.624,0.188,0.157,0.172,25.990,970266
1782481754059,0,0,0.000,6.624,6.624,0.188,0.157,0.177,25.904,970299
1782481754093,0,0,0.000,6.624,6.615,0.157,0.188,0.151,25.904,970332
1782481754126,0,0,0.000,6.624,6.607,0.188,0.157,0.188,25.818,970365
1782481754160,0,0,0.000,6.624,6.607,0.188,0.157,0.156,25.904,970398
1782481754193,0,0,0.000,6.624,6.615,0.157,0.157,0.188,25.904,970431
1782481754226,0,0,0.000,6.624,6.607,0.157,0.157,0.183,25.904,970464
1782481754271,0,0,0.000,6.640,6.615,0.188,0.157,0.194,25.904,970497
1782481754292,0,0,0.000,6.615,6.607,0.126,0.188,0.172,25.904,970530
1782481754332,0,0,0.000,6.607,6.607,0.188,0.188,0.188,25.904,970563
1782481754358,0,0,0.000,6.615,6.615,0.188,0.188,0.194,25.904,970596
1782481754392,0,0,0.000,6.624,6.615,0.188,0.157,0.188,25.904,970629
1782481754428,0,0,0.000,6.615,6.607,0.188,0.157,0.199,25.904,970662
1782481754459,0,0,0.000,6.615,6.607,0.188,0.157,0.183,25.818,970695
1782481754492,0,0,0.000,6.624,6.607,0.188,0.157,0.177,25.904,970728
1782481754530,0,0,0.006,6.624,6.615,0.188,0.188,0.172,25.904,970761
1782481754559,0,0,0.000,6.624,6.615,0.188,0.126,0.194,25.990,970794
1782481754593,0,0,0.000,6.624,6.624,0.188,0.157,0.199,25.904,970827
1782481754628,0,0,0.000,6.624,6.615,0.188,0.157,0.167,25.990,970860
1782481754660,0,0,0.006,6.624,6.607,0.188,0.157,0.167,25.904,970893
1782481754692,0,0,0.000,6.615,6.615,0.188,0.157,0.188,25.904,970926
1782481754725,0,0,0.000,6.624,6.615,0.188,0.157,0.188,25.818,970959
1782481754759,0,0,0.006,6.624,6.607,0.188,0.157,0.161,25.904,970992
1782481754792,0,0,0.000,6.624,6.624,0.188,0.157,0.194,25.904,971025
1782481754838,0,0,0.000,6.624,6.624,0.188,0.157,0.183,25.904,971058
1782481754859,0,0,0.000,6.624,6.615,0.251,0.157,0.161,25.904,971091
1782481754891,0,0,0.000,6.632,6.624,0.188,0.157,0.194,25.990,971124
1782481754925,0,0,0.000,6.624,6.615,0.188,0.157,0.177,25.904,971157
1782481754957,0,0,0.000,6.615,6.615,0.188,0.188,0.194,25.990,971190
1782481754992,0,0,0.000,6.615,6.607,0.188,0.157,0.194,25.904,971223
1782481755024,0,0,0.006,6.632,6.615,0.188,0.126,0.188,25.904,971256
1782481755059,0,0,0.000,6.624,6.615,0.157,0.188,0.183,25.904,971289
1782481755091,0,0,0.000,6.624,6.607,0.188,0.157,0.172,25.990,971322
1782481755124,0,0,0.000,6.624,6.607,0.157,0.188,0.188,25.904,971355
1782481755160,0,0,0.000,6.624,6.615,0.220,0.157,0.194,25.904,971388
1782481755190,0,0,0.000,6.624,6.615,0.188,0.157,0.172,25.904,971421
1782481755224,0,0,0.000,6.624,6.607,0.188,0.188,0.183,25.818,971454
1782481755257,0,0,0.000,6.624,6.615,0.188,0.157,0.183,25.904,971487
1782481755291,0,0,0.000,6.615,6.615,0.188,0.157,0.194,25.904,971520
1782481755324,0,0,0.000,6.624,6.615,0.188,0.157,0.204,25.818,971553
1782481755357,0,0,0.000,6.624,6.607,0.188,0.157,0.183,25.904,971586
1782481755390,0,0,0.000,6.624,6.615,0.188,0.188,0.161,25.904,971619
1782481755423,0,0,0.000,6.624,6.615,0.157,0.188,0.183,25.904,971652
1782481755456,0,0,0.000,6.615,6.615,0.188,0.157,0.194,25.818,971685
1782481755498,0,0,0.000,6.607,6.615,0.188,0.157,0.183,25.904,971718
1782481755525,0,0,0.000,6.624,6.624,0.188,0.126,0.226,25.904,971751
1782481755570,0,0,0.000,6.624,6.624,0.188,0.157,0.183,25.904,971784
1782481755592,0,0,0.006,6.615,6.615,0.188,0.157,0.156,25.904,971817
1782481755637,0,0,0.000,6.607,6.607,0.188,0.126,0.177,25.904,971850
1782481755659,0,0,0.006,6.607,6.615,0.188,0.188,0.172,25.904,971883
1782481755689,0,0,0.000,6.615,6.615,0.188,0.157,0.194,25.904,971916
1782481755722,0,0,0.000,6.615,6.615,0.220,0.188,0.194,25.818,971949
1782481755760,0,0,0.000,6.632,6.615,0.188,0.126,0.188,25.904,971982
1782481755789,0,0,0.000,6.615,6.615,0.157,0.188,0.210,25.990,972015
1782481755823,0,0,0.000,6.615,6.615,0.188,0.188,0.177,25.904,972048
1782481755859,0,0,0.000,6.615,6.615,0.188,0.188,0.167,25.904,972081
1782481755890,0,0,0.000,6.607,6.615,0.220,0.157,0.188,25.818,972114
1782481755935,0,0,0.000,6.624,6.615,0.188,0.126,0.172,25.904,972147
1782481755956,0,0,0.000,6.624,6.607,0.188,0.126,0.156,25.904,972180
1782481755988,0,0,0.000,6.615,6.615,0.188,0.157,0.194,25.904,972213
1782481756021,0,0,0.000,6.624,6.615,0.157,0.157,0.172,25.990,972246
1782481756055,0,0,0.000,6.624,6.615,0.188,0.157,0.177,25.904,972279
1782481756088,0,0,0.000,6.615,6.624,0.188,0.157,0.161,25.904,972312
1782481756122,0,0,0.000,6.615,6.615,0.188,0.157,0.188,25.904,972345
1782481756155,0,0,0.000,6.615,6.607,0.188,0.157,0.183,25.818,972378
1782481756198,0,0,0.006,6.624,6.615,0.188,0.126,0.161,25.904,972411
1782481756232,0,0,0.000,6.607,6.624,0.188,0.157,0.172,25.904,972444
1782481756275,0,0,0.000,6.624,6.624,0.188,0.157,0.161,25.990,972477
1782481756297,0,0,0.000,6.632,6.615,0.188,0.126,0.172,25.904,972510
1782481756330,0,0,0.000,6.624,6.615,0.188,0.157,0.177,25.904,972543
1782481756362,0,0,0.000,6.624,6.607,0.188,0.157,0.167,25.904,972576
1782481756396,0,0,0.000,6.615,6.607,0.188,0.157,0.194,25.904,972609
1782481756437,0,0,0.000,6.624,6.615,0.188,0.126,0.156,25.904,972642
1782481756462,0,0,0.000,6.640,6.615,0.188,0.157,0.140,25.904,972675
1782481756495,0,0,0.000,6.615,6.615,0.188,0.157,0.161,25.990,972708
1782481756528,0,0,0.006,6.624,6.615,0.157,0.188,0.177,25.904,972741
1782481756561,0,0,0.000,6.615,6.607,0.157,0.157,0.172,25.904,972774
1782481756595,0,0,0.012,6.607,6.607,0.188,0.188,0.134,25.818,972807
1782481756627,0,0,0.000,6.632,6.615,0.251,0.126,0.151,25.904,972840
1782481756659,0,0,0.000,6.632,6.624,0.188,0.157,0.118,25.818,972873
1782481756692,0,0,0.000,6.624,6.615,0.188,0.188,0.167,25.904,972906
1782481756726,0,0,0.000,6.624,6.624,0.220,0.157,0.129,25.818,972939
1782481756759,0,0,0.006,6.615,6.615,0.188,0.126,0.118,25.904,972972
1782481756792,0,0,0.000,6.640,6.632,0.188,0.157,0.140,25.904,973005
1782481756825,0,0,0.000,6.624,6.615,0.188,0.126,0.118,25.818,973038
1782481756857,0,0,0.000,6.624,6.624,0.188,0.157,0.129,25.904,973071
1782481756891,0,0,0.000,6.632,6.624,0.188,0.157,0.156,25.904,973104
1782481756923,0,0,0.000,6.624,6.615,0.220,0.157,0.129,25.904,973137
1782481756956,0,0,0.000,6.624,6.640,0.157,0.188,0.129,25.904,973170
1782481756990,0,0,0.000,6.624,6.624,0.157,0.188,0.134,25.904,973203
1782481757022,2,-2,0.000,6.624,6.624,0.188,0.157,0.124,25.904,973236
1782481757056,5,-5,0.000,6.640,6.615,0.188,0.157,0.129,25.904,973269
1782481757091,10,-10,0.006,6.624,6.615,0.188,0.126,0.151,25.904,973302
1782481757123,15,-15,0.000,6.615,6.632,0.220,0.126,0.129,25.904,973335
1782481757157,17,-17,0.000,6.632,6.615,0.220,0.157,0.124,25.818,973368
1782481757191,22,-22,0.000,6.632,6.624,0.188,0.157,0.124,25.904,973401
1782481757221,27,-27,0.006,6.624,6.607,0.188,0.188,0.145,25.904,973434
1782481757270,32,-32,0.006,6.632,6.624,0.220,0.220,0.129,25.904,973467
1782481757287,35,-35,0.000,6.615,6.615,0.251,0.126,0.129,25.904,973500
1782481757319,37,-37,0.000,6.615,6.615,0.188,0.157,0.129,25.904,973533
1782481757352,42,-42,0.000,6.624,6.624,0.157,0.188,0.129,25.904,973566
1782481757385,47,-47,0.000,6.640,6.632,0.126,0.157,0.129,25.904,973599
1782481757419,50,-50,0.000,6.624,6.615,0.188,0.157,0.129,25.818,973632
1782481757452,55,-55,0.000,6.615,6.607,0.220,0.188,0.118,25.904,973665
1782481757485,60,-60,0.000,6.624,6.624,0.157,0.157,0.124,25.904,973698
1782481757518,62,-62,0.000,6.632,6.624,0.126,0.188,0.129,25.904,973731
1782481757555,67,-67,0.000,6.607,6.624,0.188,0.157,0.134,25.904,973764
1782481757585,72,-72,0.006,6.632,6.624,0.157,0.157,0.129,25.990,973797
1782481757619,75,-75,0.000,6.632,6.624,0.220,0.157,0.129,25.990,973830
1782481757651,80,-80,0.000,6.624,6.615,0.188,0.126,0.134,25.904,973863
1782481757684,85,-85,0.000,6.624,6.624,0.188,0.157,0.129,25.818,973896
1782481757720,87,-87,0.000,6.624,6.615,0.188,0.188,0.129,25.904,973929
1782481757751,92,-92,0.000,6.607,6.632,0.188,0.157,0.129,25.904,973962
1782481757784,97,-97,0.000,6.624,6.624,0.157,0.188,0.124,25.904,973995
1782481757817,100,-100,0.012,6.632,6.632,0.188,0.157,0.124,25.990,974028
1782481757851,105,-105,0.000,6.632,6.624,0.188,0.157,0.129,25.904,974061
1782481757897,110,-110,0.006,6.624,6.615,0.126,0.126,0.129,25.904,974094
1782481757927,115,-115,0.000,6.607,6.599,0.157,0.251,0.156,25.990,974127
1782481757952,117,-117,0.000,6.607,6.615,0.220,0.188,0.151,25.818,974160
1782481757983,122,-122,0.000,6.607,6.582,0.251,0.220,0.151,25.904,974193
1782481758017,125,-125,0.000,6.591,6.574,0.220,0.220,0.199,25.904,974226
1782481758050,130,-130,0.000,6.591,6.582,0.251,0.282,0.177,25.904,974259
1782481758084,135,-135,0.000,6.591,6.582,0.282,0.282,0.183,25.904,974292
1782481758120,137,-137,0.000,6.574,6.582,0.314,0.314,0.161,25.904,974325
1782481758151,142,-142,0.000,6.574,6.557,0.345,0.345,0.194,25.904,974358
1782481758184,147,-147,0.000,6.557,6.566,0.377,0.377,0.177,25.818,974391
1782481758217,150,-150,0.000,6.557,6.533,0.377,0.439,0.172,25.904,974424
1782481758250,155,-155,0.000,6.541,6.533,0.408,0.502,0.188,25.904,974457
1782481758283,160,-160,0.000,6.524,6.508,0.408,0.628,0.199,25.904,974490
1782481758319,162,-162,0.006,6.549,6.516,0.502,0.439,0.167,25.904,974523
1782481758349,167,-167,0.000,6.582,6.566,0.188,0.471,0.183,25.904,974556
1782481758383,172,-172,0.006,6.541,6.533,0.188,0.847,0.188,25.904,974589
1782481758421,175,-175,0.000,6.533,6.524,0.157,0.973,0.167,25.818,974622
1782481758450,180,-180,0.000,6.566,6.549,0.157,0.596,0.172,25.904,974655
1782481758483,185,-185,0.000,6.566,6.557,0.220,0.533,0.199,25.904,974688
1782481758523,190,-190,0.000,6.574,6.566,0.157,0.439,0.188,25.904,974721
1782481758549,192,-192,0.000,6.582,6.574,0.220,0.439,0.172,25.904,974754
1782481758582,197,-197,0.006,6.574,6.557,0.220,0.502,0.188,25.904,974787
1782481758615,200,-200,0.000,6.566,6.557,0.157,0.533,0.194,25.904,974820
1782481758648,205,-205,0.006,6.574,6.557,0.188,0.502,0.161,25.904,974853
1782481758682,210,-210,0.006,6.574,6.574,0.188,0.502,0.188,25.904,974886
1782481758715,212,-212,0.000,6.582,6.566,0.188,0.502,0.204,25.904,974919
1782481758750,217,-217,0.000,6.566,6.566,0.126,0.628,0.177,25.904,974952
1782481758787,222,-222,0.000,6.557,6.557,0.188,0.533,0.199,25.904,974985
1782481758815,225,-225,0.000,6.566,6.549,0.188,0.565,0.188,25.904,975018
1782481758849,230,-230,0.000,6.566,6.557,0.157,0.533,0.183,25.904,975051
1782481758881,232,-232,0.000,6.566,6.557,0.188,0.659,0.167,25.904,975084
1782481758915,237,-237,0.000,6.557,6.541,0.188,0.628,0.167,25.904,975117
1782481758955,242,-242,0.000,6.566,6.557,0.157,0.596,0.177,25.904,975150
1782481758981,245,-245,0.000,6.541,6.541,0.188,0.847,0.183,25.904,975183
1782481759015,240,-240,0.006,6.557,6.541,0.188,0.659,0.183,25.904,975216
1782481759051,235,-235,0.000,6.549,6.541,0.188,0.722,0.177,25.904,975249
1782481759081,232,-232,0.000,6.549,6.549,0.188,0.596,0.172,25.904,975282
1782481759114,227,-227,0.000,6.566,6.549,0.188,0.628,0.194,25.904,975315
1782481759148,222,-222,0.000,6.557,6.557,0.188,0.596,0.194,25.904,975348
1782481759181,220,-220,0.000,6.566,6.549,0.188,0.565,0.194,25.904,975381
1782481759230,212,-212,0.000,6.582,6.557,0.188,0.439,0.167,25.818,975414
1782481759247,210,-210,0.000,6.557,6.566,0.188,0.565,0.161,25.904,975447
1782481759282,207,-207,0.000,6.566,6.566,0.188,0.439,0.161,25.818,975480
1782481759314,202,-202,0.000,6.574,6.557,0.188,0.471,0.177,25.904,975513
1782481759347,197,-197,0.000,6.582,6.566,0.188,0.408,0.172,25.904,975546
1782481759381,195,-195,0.006,6.566,6.541,0.188,0.533,0.194,25.904,975579
1782481759413,190,-190,0.000,6.582,6.582,0.188,0.377,0.188,25.904,975612
1782481759447,185,-185,0.000,6.574,6.566,0.188,0.471,0.172,25.904,975645
1782481759480,182,-182,0.000,6.574,6.566,0.188,0.439,0.188,25.904,975678
1782481759514,177,-177,0.000,6.566,6.574,0.188,0.377,0.188,25.904,975711
1782481759547,172,-172,0.000,6.574,6.566,0.157,0.471,0.183,25.904,975744
1782481759580,170,-170,0.000,6.574,6.574,0.188,0.377,0.183,25.904,975777
1782481759613,165,-165,0.000,6.591,6.591,0.188,0.345,0.194,25.990,975810
1782481759647,160,-160,0.000,6.574,6.566,0.188,0.408,0.183,25.818,975843
1782481759680,157,-157,0.000,6.607,6.591,0.188,0.282,0.177,25.818,975876
1782481759722,152,-152,0.000,6.574,6.582,0.188,0.377,0.188,25.904,975909
1782481759747,147,-147,0.006,6.582,6.574,0.220,0.377,0.161,25.904,975942
1782481759786,142,-142,0.000,6.574,6.566,0.188,0.439,0.172,25.904,975975
1782481759813,140,-140,0.000,6.582,6.557,0.188,0.377,0.194,25.904,976008
1782481759846,135,-135,0.006,6.574,6.574,0.188,0.345,0.199,25.904,976041
1782481759880,132,-132,0.000,6.566,6.574,0.157,0.439,0.199,25.904,976074
1782481759913,127,-127,0.000,6.574,6.566,0.157,0.408,0.188,25.904,976107
1782481759946,122,-122,0.006,6.574,6.566,0.188,0.408,0.210,25.904,976140
1782481759980,120,-120,0.000,6.591,6.582,0.188,0.377,0.167,25.904,976173
1782481760012,115,-115,0.000,6.582,6.582,0.188,0.345,0.177,25.904,976206
1782481760046,110,-110,0.000,6.599,6.582,0.251,0.314,0.183,25.904,976239
1782481760082,107,-107,0.000,6.599,6.591,0.126,0.220,0.188,25.904,976272
1782481760112,102,-102,0.000,6.599,6.591,0.188,0.220,0.188,25.904,976305
1782481760146,97,-97,0.000,6.599,6.591,0.188,0.220,0.194,25.818,976338
1782481760180,95,-95,0.000,6.591,6.599,0.188,0.220,0.183,25.818,976371
1782481760212,90,-90,0.000,6.599,6.599,0.188,0.220,0.172,25.904,976404
1782481760245,85,-85,0.006,6.607,6.607,0.188,0.188,0.183,25.904,976437
1782481760282,82,-82,0.000,6.607,6.607,0.188,0.157,0.172,25.990,976470
1782481760311,77,-77,0.000,6.607,6.599,0.188,0.157,0.188,25.904,976503
1782481760345,72,-72,0.000,6.607,6.607,0.188,0.157,0.194,25.818,976536
1782481760378,70,-70,0.000,6.615,6.607,0.188,0.188,0.183,25.904,976569
1782481760412,65,-65,0.006,6.607,6.607,0.188,0.126,0.183,25.904,976602
1782481760445,60,-60,0.000,6.607,6.607,0.188,0.188,0.183,25.904,976635
1782481760488,55,-55,0.000,6.607,6.607,0.188,0.157,0.199,25.904,976668
1782481760512,52,-52,0.006,6.607,6.599,0.188,0.157,0.220,25.990,976701
1782481760551,47,-47,0.000,6.607,6.607,0.220,0.188,0.188,25.904,976734
1782481760598,42,-42,0.006,6.607,6.599,0.220,0.188,0.199,25.818,976767
1782481760619,40,-40,0.000,6.615,6.615,0.188,0.157,0.172,25.904,976800
1782481760652,35,-35,0.006,6.615,6.607,0.157,0.188,0.177,25.818,976833
1782481760686,30,-30,0.000,6.615,6.607,0.188,0.220,0.194,25.904,976866
1782481760719,27,-27,0.000,6.607,6.624,0.188,0.126,0.183,25.904,976899
1782481760752,22,-22,0.006,6.615,6.599,0.220,0.188,0.172,25.904,976932
1782481760785,17,-17,0.000,6.615,6.607,0.188,0.157,0.167,25.904,976965
1782481760825,12,-12,0.000,6.615,6.599,0.188,0.157,0.172,25.904,976998
1782481760851,10,-10,0.000,6.615,6.607,0.188,0.126,0.108,25.904,977031
1782481760884,5,-5,0.000,6.615,6.615,0.220,0.188,0.151,25.904,977064
1782481760917,2,-2,0.006,6.615,6.607,0.188,0.126,0.151,25.818,977097
1782481760949,-2,2,0.000,6.607,6.607,0.188,0.157,0.118,25.990,977130
1782481760982,-5,5,0.000,6.624,6.599,0.188,0.157,0.118,25.904,977163
1782481761016,-10,10,0.000,6.615,6.615,0.188,0.157,0.140,25.904,977196
1782481761049,-15,15,0.000,6.607,6.615,0.188,0.188,0.129,25.904,977229
1782481761083,-17,17,0.000,6.624,6.607,0.188,0.157,0.118,25.904,977262
1782481761115,-22,22,0.000,6.624,6.607,0.188,0.157,0.183,25.904,977295
1782481761147,-27,27,0.006,6.615,6.599,0.188,0.157,0.118,25.904,977328
1782481761182,-30,30,0.000,6.615,6.615,0.251,0.157,0.124,25.904,977361
1782481761223,-35,35,0.006,6.624,6.607,0.188,0.157,0.124,25.904,977394
1782481761247,-40,40,0.000,6.624,6.615,0.188,0.157,0.124,25.904,977427
1782481761279,-42,42,0.000,6.624,6.607,0.188,0.157,0.124,25.818,977460
1782481761312,-47,47,0.006,6.615,6.607,0.188,0.220,0.124,25.818,977493
1782481761348,-52,52,0.000,6.624,6.615,0.188,0.157,0.124,25.904,977526
1782481761380,-55,55,0.000,6.615,6.607,0.188,0.157,0.118,25.904,977559
1782481761420,-60,60,0.000,6.615,6.615,0.188,0.157,0.129,25.904,977592
1782481761445,-65,65,0.006,6.624,6.607,0.188,0.157,0.124,25.904,977625
1782481761477,-67,67,0.000,6.624,6.615,0.188,0.157,0.129,25.904,977658
1782481761511,-72,72,0.000,6.615,6.607,0.188,0.126,0.129,25.904,977691
1782481761544,-75,75,0.000,6.615,6.615,0.188,0.157,0.129,25.904,977724
1782481761577,-80,80,0.000,6.624,6.615,0.188,0.157,0.129,25.818,977757
1782481761613,-85,85,0.000,6.615,6.607,0.188,0.188,0.129,25.904,977790
1782481761642,-87,87,0.000,6.615,6.607,0.188,0.157,0.129,25.904,977823
1782481761676,-92,92,0.000,6.615,6.607,0.220,0.126,0.124,25.904,977856
1782481761709,-97,97,0.000,6.624,6.615,0.188,0.188,0.134,25.904,977889
1782481761742,-100,100,0.000,6.615,6.615,0.188,0.126,0.129,25.904,977922
1782481761775,-105,105,0.000,6.607,6.607,0.220,0.157,0.129,25.818,977955
1782481761808,-110,110,0.000,6.607,6.607,0.251,0.126,0.124,25.904,977988
1782481761841,-112,112,0.000,6.607,6.599,0.251,0.157,0.129,25.904,978021
1782481761874,-117,117,0.000,6.599,6.591,0.220,0.220,0.124,25.818,978054
1782481761908,-122,122,0.006,6.607,6.607,0.188,0.157,0.124,25.818,978087
1782481761941,-125,125,0.000,6.599,6.591,0.282,0.282,0.129,25.818,978120
1782481761974,-130,130,0.000,6.574,6.557,0.377,0.251,0.129,25.818,978153
1782481762007,-135,135,0.000,6.566,6.557,0.377,0.345,0.129,25.818,978186
1782481762041,-137,137,0.000,6.566,6.566,0.377,0.314,0.129,25.904,978219
1782481762075,-142,142,0.000,6.541,6.533,0.596,0.345,0.134,25.904,978252
1782481762107,-147,147,0.000,6.524,6.549,0.628,0.439,0.118,25.904,978285
1782481762141,-150,150,0.000,6.524,6.499,0.628,0.565,0.129,25.818,978318
1782481762174,-155,155,0.000,6.516,6.508,0.690,0.408,0.118,25.904,978351
1782481762208,-160,160,0.000,6.508,6.508,0.784,0.377,0.140,25.904,978384
1782481762240,-162,162,0.000,6.466,6.458,0.941,0.659,0.151,25.818,978417
1782481762273,-167,167,0.000,6.458,6.450,1.004,0.753,0.140,25.904,978450
1782481762312,-172,172,0.000,6.491,6.483,0.628,0.753,0.177,25.904,978483
1782481762340,-175,175,0.006,6.491,6.483,0.565,0.847,0.188,25.904,978516
1782481762374,-180,180,0.000,6.483,6.466,0.533,0.973,0.194,25.904,978549
1782481762410,-185,185,0.000,6.475,6.458,0.439,1.067,0.183,25.818,978582
1782481762440,-187,187,0.000,6.466,6.458,0.471,1.067,0.194,25.904,978615
1782481762489,-195,195,0.000,6.450,6.458,0.439,1.161,0.199,25.990,978648
1782481762507,-197,197,0.000,6.483,6.475,0.439,0.816,0.167,25.818,978681
1782481762540,-200,200,0.000,6.499,6.499,0.439,0.722,0.194,25.818,978714
1782481762573,-205,205,0.000,6.491,6.483,0.533,0.628,0.204,25.818,978747
1782481762606,-210,210,0.000,6.508,6.499,0.565,0.565,0.194,25.904,978780
1782481762640,-207,207,0.000,6.508,6.491,0.502,0.533,0.167,25.904,978813
1782481762673,-202,202,0.000,6.508,6.499,0.628,0.471,0.177,25.818,978846
1782481762706,-197,197,0.000,6.508,6.491,0.596,0.565,0.194,25.904,978879
1782481762740,-195,195,0.000,6.508,6.499,0.565,0.628,0.177,25.904,978912
1782481762773,-190,190,0.000,6.516,6.508,0.533,0.502,0.183,25.990,978945
1782481762815,-185,185,0.000,6.541,6.508,0.502,0.471,0.177,25.904,978978
1782481762842,-182,182,0.000,6.524,6.524,0.533,0.377,0.167,25.818,979011
1782481762876,-177,177,0.000,6.541,6.524,0.533,0.345,0.194,25.904,979044
1782481762906,-175,175,0.000,6.533,6.541,0.565,0.377,0.177,25.904,979077
1782481762939,-170,170,0.000,6.516,6.508,0.502,0.408,0.188,25.904,979110
1782481762972,-165,165,0.000,6.541,6.533,0.471,0.282,0.183,25.990,979143
1782481763005,-162,162,0.006,6.557,6.541,0.408,0.251,0.183,25.904,979176
1782481763039,-157,157,0.000,6.541,6.533,0.345,0.314,0.183,25.904,979209
1782481763073,-152,152,0.000,6.533,6.541,0.439,0.345,0.188,25.904,979242
1782481763105,-150,150,0.000,6.541,6.524,0.439,0.408,0.194,25.904,979275
1782481763139,-145,145,0.000,6.533,6.541,0.439,0.408,0.188,25.904,979308
1782481763172,-140,140,0.000,6.533,6.516,0.533,0.377,0.167,25.904,979341
1782481763205,-137,137,0.000,6.508,6.499,0.565,0.533,0.199,25.904,979374
1782481763239,-132,132,0.006,6.508,6.508,0.722,0.377,0.194,25.904,979407
1782481763271,-127,127,0.000,6.524,6.508,0.533,0.377,0.172,25.904,979440
1782481763305,-125,125,0.000,6.533,6.524,0.502,0.314,0.183,25.904,979473
1782481763339,-120,120,0.000,6.524,6.516,0.565,0.345,0.210,25.818,979506
1782481763371,-115,115,0.006,6.549,6.533,0.439,0.282,0.188,25.904,979539
1782481763404,-112,112,0.006,6.557,6.541,0.377,0.282,0.167,25.904,979572
1782481763439,-107,107,0.000,6.566,6.557,0.345,0.282,0.188,25.904,979605
1782481763470,-102,102,0.000,6.574,6.574,0.314,0.220,0.177,25.904,979638
1782481763505,-100,100,0.000,6.574,6.566,0.314,0.220,0.194,25.904,979671
1782481763540,-95,95,0.000,6.574,6.566,0.251,0.220,0.177,25.904,979704
1782481763571,-90,90,0.000,6.582,6.582,0.220,0.126,0.194,25.904,979737
1782481763604,-87,87,0.006,6.591,6.591,0.314,0.157,0.183,25.904,979770
1782481763644,-82,82,0.000,6.599,6.591,0.188,0.157,0.177,25.904,979803
1782481763670,-77,77,0.000,6.599,6.591,0.157,0.157,0.199,25.904,979836
1782481763703,-75,75,0.000,6.607,6.591,0.188,0.188,0.183,25.904,979869
1782481763737,-70,70,0.000,6.599,6.599,0.157,0.126,0.183,25.904,979902
1782481763772,-65,65,0.000,6.607,6.599,0.157,0.157,0.156,25.904,979935
1782481763804,-62,62,0.006,6.607,6.599,0.157,0.157,0.172,25.904,979968
1782481763836,-57,57,0.012,6.599,6.599,0.188,0.157,0.194,25.904,980001
1782481763877,-52,52,0.006,6.599,6.607,0.220,0.157,0.183,25.904,980034
1782481763903,-50,50,0.000,6.599,6.591,0.126,0.157,0.188,25.904,980067
1782481763936,-45,45,0.000,6.607,6.591,0.188,0.157,0.172,25.904,980100
1782481763971,-40,40,0.000,6.607,6.599,0.188,0.188,0.167,25.904,980133
1782481764003,-37,37,0.006,6.607,6.599,0.126,0.157,0.194,25.904,980166
1782481764037,-32,32,0.006,6.607,6.599,0.157,0.188,0.172,25.818,980199
1782481764070,-27,27,0.000,6.599,6.599,0.188,0.157,0.188,25.904,980232
1782481764103,-25,25,0.000,6.607,6.607,0.188,0.157,0.172,25.904,980265
1782481764136,-20,20,0.000,6.599,6.599,0.188,0.157,0.183,25.818,980298
1782481764173,-15,15,0.000,6.607,6.599,0.188,0.188,0.188,25.904,980331
1782481764202,-12,12,0.000,6.607,6.599,0.188,0.188,0.188,25.904,980364
1782481764235,-7,7,0.000,6.615,6.591,0.188,0.157,0.194,25.904,980397
1782481764269,-2,2,0.000,6.607,6.599,0.188,0.126,0.188,25.904,980430
1782481764302,0,0,0.000,6.624,6.591,0.220,0.157,0.177,25.904,980463
1782481764336,0,0,0.006,6.591,6.599,0.188,0.157,0.167,25.904,980496
1782481764370,0,0,0.000,6.599,6.599,0.188,0.157,0.194,25.904,980529
1782481764405,0,0,0.000,6.607,6.599,0.188,0.157,0.188,25.990,980562
1782481764435,0,0,0.006,6.599,6.599,0.188,0.157,0.194,25.818,980595
1782481764472,0,0,0.000,6.599,6.599,0.188,0.126,0.177,25.904,980628
1782481764502,0,0,0.000,6.615,6.599,0.188,0.157,0.167,25.904,980661
1782481764535,0,0,0.000,6.607,6.599,0.188,0.157,0.172,25.904,980694
1782481764569,0,0,0.000,6.607,6.591,0.188,0.157,0.199,25.990,980727
1782481764601,0,0,0.000,6.615,6.607,0.188,0.157,0.188,25.904,980760
1782481764636,0,0,0.000,6.607,6.599,0.188,0.157,0.177,25.904,980793
1782481764669,0,0,0.000,6.599,6.599,0.220,0.126,0.188,25.904,980826
1782481764702,0,0,0.000,6.607,6.599,0.220,0.157,0.177,25.904,980859
1782481764735,0,0,0.000,6.607,6.599,0.188,0.188,0.172,25.904,980892
1782481764771,0,0,0.006,6.607,6.607,0.126,0.188,0.194,25.904,980925
1782481764811,0,0,0.000,6.624,6.599,0.188,0.157,0.188,25.904,980958
1782481764834,0,0,0.000,6.607,6.599,0.188,0.157,0.188,25.818,980991
1782481764877,0,0,0.006,6.599,6.607,0.220,0.157,0.188,25.904,981024
1782481764910,0,0,0.000,6.607,6.599,0.188,0.157,0.172,25.904,981057
1782481764942,0,0,0.000,6.591,6.607,0.188,0.220,0.204,25.904,981090
1782481764976,0,0,0.000,6.607,6.599,0.188,0.188,0.194,25.904,981123
1782481765009,0,0,0.000,6.615,6.599,0.157,0.126,0.172,25.904,981156
1782481765042,0,0,0.000,6.615,6.599,0.188,0.157,0.161,25.818,981189
1782481765079,0,0,0.006,6.607,6.607,0.188,0.157,0.172,25.904,981222
1782481765108,0,0,0.000,6.607,6.607,0.188,0.157,0.129,25.904,981255
1782481765141,0,0,0.000,6.607,6.607,0.157,0.126,0.161,25.904,981288
1782481765179,0,0,0.000,6.607,6.599,0.188,0.157,0.113,25.904,981321
1782481765208,0,0,0.000,6.615,6.615,0.188,0.157,0.129,25.904,981354
1782481765239,0,0,0.000,6.607,6.599,0.188,0.157,0.140,25.818,981387
1782481765273,0,0,0.000,6.599,6.591,0.188,0.188,0.124,25.904,981420
1782481765306,0,0,0.000,6.607,6.591,0.188,0.157,0.124,25.990,981453
1782481765339,0,0,0.006,6.624,6.607,0.157,0.126,0.129,25.904,981486
1782481765371,0,0,0.000,6.599,6.607,0.188,0.188,0.134,25.904,981519
1782481765406,0,0,0.006,6.615,6.599,0.188,0.157,0.129,25.904,981552
1782481765438,0,0,0.000,6.607,6.607,0.188,0.157,0.151,25.818,981585
1782481765470,0,0,0.000,6.615,6.607,0.126,0.157,0.124,25.904,981618
1782481765520,0,0,0.000,6.599,6.599,0.188,0.157,0.129,25.818,981651
1782481765536,0,0,0.000,6.615,6.607,0.188,0.188,0.129,25.904,981684
1782481765570,0,0,0.000,6.615,6.607,0.188,0.188,0.129,25.904,981717
1782481765606,0,0,0.000,6.599,6.615,0.157,0.188,0.118,25.904,981750
1782481765635,0,0,0.006,6.615,6.599,0.126,0.220,0.140,25.904,981783
1782481765668,0,0,0.000,6.607,6.607,0.157,0.157,0.124,25.904,981816
1782481765702,0,0,0.000,6.607,6.607,0.188,0.157,0.124,25.904,981849
1782481765739,0,0,0.006,6.615,6.607,0.188,0.126,0.124,25.904,981882
1782481765768,0,0,0.000,6.607,6.607,0.188,0.157,0.161,25.904,981915
1782481765801,0,0,0.000,6.607,6.607,0.188,0.157,0.118,25.990,981948
1782481765834,0,0,0.000,6.615,6.615,0.157,0.157,0.129,25.904,981981
1782481765866,0,0,0.000,6.615,6.607,0.157,0.157,0.124,25.904,982014
1782481765900,0,0,0.000,6.615,6.607,0.188,0.188,0.129,25.818,982047
1782481765932,0,0,0.000,6.615,6.599,0.188,0.157,0.129,25.904,982080
1782481765966,0,0,0.000,6.615,6.615,0.188,0.126,0.124,25.904,982113
1782481765999,0,0,0.000,6.607,6.607,0.188,0.157,0.118,25.818,982146
1782481766031,0,0,0.000,6.607,6.599,0.157,0.157,0.129,25.904,982179
1782481766070,0,0,0.000,6.599,6.607,0.188,0.157,0.129,25.904,982212
1782481766100,0,0,0.000,6.615,6.599,0.220,0.126,0.113,25.904,982245
1782481766132,0,0,0.000,6.624,6.607,0.188,0.157,0.129,25.904,982278
1782481766165,0,0,0.000,6.615,6.615,0.188,0.157,0.124,25.904,982311
1782481766205,0,0,0.000,6.615,6.607,0.188,0.157,0.113,25.904,982344
1782481766231,0,0,0.000,6.615,6.607,0.188,0.188,0.151,25.904,982377
1782481766264,0,0,0.000,6.615,6.607,0.220,0.157,0.129,25.818,982410
1782481766305,0,0,0.000,6.615,6.615,0.188,0.157,0.124,25.904,982443
1782481766330,0,0,0.012,6.607,6.607,0.188,0.220,0.145,25.904,982476
1782481766364,0,0,0.000,6.615,6.607,0.126,0.126,0.129,25.904,982509
1782481766398,0,0,0.000,6.615,6.607,0.188,0.157,0.113,25.904,982542
1782481766431,0,0,0.006,6.615,6.615,0.188,0.157,0.134,25.904,982575
1782481766464,0,0,0.000,6.615,6.624,0.188,0.157,0.129,25.904,982608
1782481766497,0,0,0.000,6.615,6.607,0.188,0.157,0.161,25.904,982641
1782481766532,0,0,0.000,6.615,6.607,0.157,0.157,0.156,25.904,982674
1782481766564,0,0,0.000,6.624,6.607,0.188,0.157,0.172,25.904,982707
1782481766597,0,0,0.000,6.615,6.607,0.188,0.157,0.183,25.990,982740
1782481766631,0,0,0.000,6.599,6.607,0.157,0.157,0.199,25.904,982773
1782481766664,0,0,0.000,6.607,6.607,0.188,0.157,0.177,25.904,982806
1782481766697,0,0,0.000,6.607,6.615,0.188,0.126,0.172,25.904,982839
1782481766732,0,0,0.000,6.624,6.607,0.188,0.157,0.194,25.818,982872
1782481766763,0,0,0.000,6.607,6.607,0.157,0.157,0.194,25.904,982905
1782481766796,0,0,0.000,6.615,6.607,0.188,0.157,0.188,25.904,982938
1782481766830,0,0,0.000,6.624,6.599,0.188,0.157,0.172,25.904,982971
1782481766863,0,0,0.000,6.607,6.607,0.188,0.094,0.183,25.904,983004
1782481766896,0,0,0.000,6.607,6.607,0.157,0.157,0.194,25.904,983037
1782481766930,0,0,0.000,6.607,6.607,0.188,0.126,0.210,25.904,983070
1782481766963,0,0,0.000,6.615,6.607,0.188,0.157,0.177,25.904,983103
1782481766996,0,0,0.000,6.624,6.607,0.188,0.188,0.183,25.904,983136
1782481767029,0,0,0.006,6.615,6.607,0.188,0.157,0.183,25.904,983169
1782481767063,0,0,0.000,6.607,6.591,0.188,0.157,0.156,25.904,983202
1782481767095,0,0,0.006,6.607,6.607,0.188,0.157,0.183,25.904,983235
1782481767129,0,0,0.000,6.607,6.599,0.188,0.157,0.188,25.904,983268
1782481767162,0,0,0.000,6.607,6.607,0.188,0.188,0.177,25.904,983301
1782481767196,0,0,0.000,6.599,6.591,0.188,0.157,0.194,25.904,983334
1782481767230,0,0,0.006,6.615,6.607,0.157,0.157,0.177,25.904,983367
1782481767262,0,0,0.000,6.615,6.615,0.188,0.188,0.194,25.904,983400
1782481767295,0,0,0.000,6.607,6.607,0.188,0.157,0.194,25.904,983433
1782481767333,0,0,0.000,6.607,6.599,0.188,0.188,0.194,25.904,983466
1782481767362,0,0,0.000,6.607,6.599,0.157,0.188,0.194,25.818,983499
1782481767395,0,0,0.000,6.607,6.607,0.157,0.157,0.177,25.904,983532
1782481767432,0,0,0.000,6.607,6.607,0.188,0.157,0.199,25.904,983565
1782481767461,0,0,0.000,6.607,6.607,0.188,0.157,0.167,25.818,983598
1782481767495,0,0,0.000,6.615,6.607,0.188,0.188,0.177,25.904,983631
1782481767535,0,0,0.006,6.607,6.607,0.188,0.157,0.177,25.904,983664
1782481767562,0,0,0.000,6.607,6.607,0.157,0.157,0.194,25.904,983697
1782481767594,0,0,0.000,6.607,6.607,0.157,0.126,0.188,25.904,983730
1782481767628,0,0,0.000,6.615,6.615,0.157,0.188,0.199,25.904,983763
1782481767661,0,0,0.000,6.607,6.607,0.220,0.157,0.167,25.904,983796
1782481767699,0,0,0.000,6.607,6.607,0.157,0.188,0.194,25.904,983829
1782481767728,0,0,0.000,6.607,6.599,0.157,0.188,0.188,25.904,983862
1782481767761,0,0,0.000,6.607,6.607,0.220,0.188,0.177,25.904,983895
1782481767795,0,0,0.000,6.615,6.607,0.188,0.157,0.194,25.904,983928
1782481767828,0,0,0.000,6.607,6.607,0.126,0.157,0.194,25.818,983961
1782481767861,0,0,0.006,6.607,6.607,0.157,0.157,0.172,25.904,983994
1782481767895,0,0,0.000,6.615,6.615,0.157,0.157,0.172,25.818,984027
1782481767928,0,0,0.000,6.615,6.607,0.157,0.188,0.194,25.904,984060
1782481767962,0,0,0.000,6.624,6.607,0.188,0.157,0.188,25.904,984093
1782481767994,0,0,0.000,6.615,6.607,0.188,0.126,0.194,25.990,984126
1782481768027,0,0,0.000,6.607,6.607,0.188,0.157,0.194,25.904,984159
1782481768063,0,0,0.000,6.615,6.607,0.157,0.188,0.183,25.904,984192
1782481768095,0,0,0.006,6.607,6.607,0.188,0.157,0.194,25.904,984225
1782481768127,0,0,0.000,6.615,6.607,0.188,0.188,0.194,25.904,984258
1782481768159,0,0,0.000,6.607,6.607,0.157,0.157,0.188,25.904,984291
1782481768193,0,0,0.000,6.607,6.607,0.188,0.157,0.194,25.904,984324
1782481768227,0,0,0.000,6.615,6.615,0.188,0.157,0.183,25.904,984357
1782481768261,0,0,0.000,6.615,6.615,0.188,0.157,0.194,25.904,984390
1782481768293,0,0,0.000,6.615,6.607,0.157,0.157,0.172,25.904,984423
1782481768326,0,0,0.006,6.607,6.599,0.188,0.157,0.194,25.904,984456
1782481768360,0,0,0.006,6.615,6.607,0.188,0.126,0.177,25.904,984489
1782481768394,0,0,0.000,6.624,6.607,0.126,0.188,0.172,25.904,984522
1782481768426,0,0,0.000,6.615,6.607,0.188,0.157,0.199,25.818,984555
1782481768459,0,0,0.000,6.607,6.607,0.251,0.126,0.199,25.904,984588
1782481768493,0,0,0.000,6.607,6.607,0.126,0.126,0.194,25.904,984621
1782481768525,0,0,0.006,6.615,6.599,0.188,0.157,0.183,25.904,984654
1782481768560,0,0,0.000,6.615,6.607,0.126,0.188,0.183,25.904,984687
1782481768592,0,0,0.000,6.615,6.607,0.188,0.188,0.188,25.904,984720
1782481768626,0,0,0.000,6.607,6.607,0.188,0.157,0.183,25.818,984753
1782481768662,0,0,0.000,6.607,6.607,0.188,0.157,0.172,25.818,984786
1782481768693,0,0,0.006,6.615,6.615,0.188,0.157,0.194,25.904,984819
1782481768726,0,0,0.000,6.615,6.607,0.188,0.157,0.177,25.904,984852
1782481768760,0,0,0.000,6.615,6.607,0.188,0.157,0.183,25.818,984885
1782481768792,0,0,0.006,6.615,6.607,0.188,0.157,0.177,25.818,984918
1782481768825,0,0,0.000,6.615,6.607,0.188,0.157,0.188,25.818,984951
1782481768865,0,0,0.000,6.615,6.607,0.251,0.157,0.194,25.904,984984
1782481768892,0,0,0.000,6.607,6.607,0.188,0.188,0.194,25.904,985017
1782481768925,0,0,0.000,6.607,6.607,0.220,0.188,0.183,25.904,985050
1782481768958,0,0,0.000,6.615,6.607,0.188,0.157,0.172,25.904,985083
1782481768991,0,0,0.000,6.607,6.599,0.188,0.157,0.161,25.904,985116
1782481769026,0,0,0.006,6.607,6.607,0.188,0.157,0.177,25.904,985149
1782481769058,0,0,0.000,6.607,6.607,0.157,0.220,0.183,25.904,985182
1782481769100,0,0,0.000,6.615,6.607,0.157,0.126,0.183,25.904,985215
1782481769133,0,0,0.000,6.624,6.624,0.157,0.157,0.188,25.818,985248
1782481769173,0,0,0.000,6.615,6.607,0.188,0.157,0.199,25.904,985281
1782481769201,0,0,0.000,6.615,6.607,0.157,0.126,0.167,25.904,985314
1782481769232,0,0,0.000,6.615,6.607,0.188,0.157,0.194,25.904,985347
1782481769266,0,0,0.000,6.599,6.624,0.188,0.157,0.194,25.904,985380
1782481769298,0,0,0.000,6.607,6.599,0.188,0.126,0.172,25.904,985413
1782481769337,0,0,0.006,6.615,6.591,0.188,0.157,0.172,25.904,985446
1782481769369,0,0,0.006,6.624,6.615,0.188,0.157,0.118,25.904,985479
1782481769398,0,0,0.000,6.624,6.615,0.220,0.126,0.129,25.904,985512
1782481769432,0,0,0.000,6.624,6.599,0.126,0.157,0.177,25.818,985545
1782481769463,0,0,0.000,6.615,6.607,0.188,0.188,0.129,25.904,985578
1782481769497,0,0,0.000,6.615,6.607,0.188,0.126,0.118,25.904,985611
1782481769530,0,0,0.000,6.615,6.607,0.188,0.188,0.167,25.904,985644
1782481769563,0,0,0.000,6.599,6.607,0.157,0.188,0.108,25.904,985677
1782481769596,0,0,0.006,6.615,6.607,0.188,0.157,0.145,25.904,985710
1782481769628,0,0,0.000,6.624,6.607,0.188,0.157,0.124,25.904,985743
1782481769662,0,0,0.000,6.615,6.607,0.188,0.188,0.129,25.904,985776
1782481769695,0,0,0.000,6.624,6.615,0.157,0.157,0.129,25.990,985809
1782481769727,0,0,0.000,6.615,6.607,0.126,0.157,0.124,25.904,985842
1782481769760,0,0,0.006,6.615,6.607,0.188,0.126,0.129,25.904,985875
1782481769793,0,0,0.000,6.632,6.615,0.188,0.126,0.134,25.818,985908
1782481769827,0,0,0.000,6.615,6.615,0.188,0.157,0.124,25.904,985941
1782481769860,0,0,0.000,6.624,6.615,0.188,0.188,0.124,25.904,985974
1782481769893,0,0,0.006,6.624,6.615,0.188,0.126,0.129,25.904,986007
1782481769926,0,0,0.000,6.615,6.615,0.188,0.157,0.124,25.904,986040
1782481769958,0,0,0.000,6.624,6.615,0.188,0.157,0.124,25.904,986073
1782481769995,0,0,0.000,6.624,6.615,0.157,0.157,0.124,25.904,986106
1782481770024,0,0,0.000,6.615,6.607,0.157,0.188,0.151,25.904,986139
1782481770058,0,0,0.000,6.615,6.615,0.188,0.157,0.124,25.904,986172
1782481770095,0,0,0.000,6.632,6.607,0.157,0.157,0.124,25.904,986205
1782481770123,0,0,0.000,6.624,6.607,0.188,0.188,0.156,25.904,986238
1782481770156,0,0,0.000,6.607,6.615,0.188,0.157,0.129,25.904,986271
1782481770189,0,0,0.000,6.632,6.624,0.188,0.126,0.124,25.904,986304
1782481770222,0,0,0.000,6.615,6.624,0.188,0.157,0.113,25.904,986337
1782481770256,0,0,0.000,6.615,6.615,0.188,0.220,0.118,25.904,986370
1782481770289,0,0,0.000,6.624,6.615,0.188,0.188,0.124,25.904,986403
1782481770336,0,0,0.000,6.607,6.624,0.188,0.157,0.113,25.904,986436
1782481770359,0,0,0.000,6.624,6.615,0.188,0.157,0.124,25.904,986469
1782481770388,0,0,0.000,6.624,6.607,0.157,0.126,0.124,25.904,986502
1782481770422,0,0,0.006,6.615,6.607,0.157,0.157,0.167,25.990,986535
1782481770455,0,0,0.000,6.624,6.632,0.188,0.157,0.134,25.904,986568
1782481770488,0,0,0.000,6.615,6.607,0.220,0.157,0.124,25.904,986601
1782481770522,0,0,0.006,6.615,6.599,0.157,0.188,0.145,25.904,986634
1782481770554,0,0,0.000,6.615,6.615,0.157,0.157,0.129,25.904,986667
1782481770588,0,0,0.006,6.615,6.607,0.188,0.157,0.124,25.818,986700
1782481770623,0,0,0.000,6.624,6.615,0.188,0.157,0.145,25.818,986733
1782481770655,0,0,0.000,6.607,6.615,0.188,0.157,0.140,25.904,986766
1782481770688,0,0,0.006,6.615,6.615,0.188,0.188,0.134,25.904,986799
1782481770733,0,0,0.000,6.624,6.599,0.188,0.157,0.129,25.904,986832
1782481770754,0,0,0.000,6.624,6.615,0.220,0.157,0.156,25.904,986865
1782481770787,0,0,0.000,6.624,6.624,0.126,0.157,0.145,25.904,986898
1782481770821,0,0,0.000,6.615,6.615,0.188,0.157,0.199,25.904,986931
1782481770854,0,0,0.000,6.615,6.615,0.188,0.157,0.194,25.818,986964
1782481770888,0,0,0.000,6.615,6.607,0.126,0.157,0.183,25.904,986997
1782481770921,0,0,0.000,6.615,6.607,0.188,0.126,0.177,25.904,987030
1782481770958,0,0,0.000,6.615,6.607,0.188,0.126,0.161,25.904,987063
1782481770989,0,0,0.000,6.615,6.599,0.188,0.157,0.188,25.904,987096
1782481771020,0,0,0.000,6.607,6.607,0.188,0.188,0.194,25.818,987129
1782481771053,0,0,0.000,6.615,6.607,0.188,0.126,0.188,25.904,987162
1782481771087,0,0,0.000,6.615,6.607,0.188,0.157,0.177,25.904,987195
1782481771120,0,0,0.000,6.632,6.607,0.188,0.157,0.177,25.904,987228
1782481771153,0,0,0.000,6.615,6.607,0.157,0.157,0.183,25.904,987261
1782481771187,0,0,0.000,6.607,6.607,0.188,0.157,0.172,25.904,987294
1782481771226,0,0,0.000,6.615,6.607,0.157,0.157,0.177,25.818,987327
1782481771253,0,0,0.000,6.607,6.607,0.188,0.157,0.188,25.818,987360
1782481771286,0,0,0.000,6.607,6.599,0.188,0.126,0.199,25.904,987393
1782481771325,0,0,0.000,6.615,6.599,0.188,0.157,0.194,25.904,987426
1782481771353,0,0,0.000,6.615,6.607,0.188,0.157,0.167,25.904,987459
1782481771386,0,0,0.006,6.615,6.615,0.188,0.188,0.194,25.904,987492
1782481771427,0,0,0.000,6.607,6.607,0.188,0.188,0.194,25.818,987525
1782481771452,0,0,0.000,6.624,6.615,0.157,0.157,0.183,25.904,987558
1782481771486,0,0,0.000,6.615,6.607,0.188,0.157,0.188,25.904,987591
1782481771519,0,0,0.000,6.632,6.607,0.188,0.157,0.161,25.904,987624
1782481771552,0,0,0.006,6.632,6.599,0.157,0.188,0.167,25.904,987657
1782481771587,0,0,0.000,6.615,6.607,0.188,0.188,0.183,25.904,987690
1782481771619,0,0,0.000,6.615,6.615,0.188,0.157,0.188,25.904,987723
1782481771653,0,0,0.000,6.624,6.624,0.188,0.157,0.172,25.904,987756
1782481771685,0,0,0.000,6.615,6.607,0.188,0.126,0.199,25.904,987789
1782481771719,0,0,0.006,6.615,6.607,0.126,0.157,0.188,25.904,987822
1782481771755,0,0,0.000,6.615,6.607,0.188,0.126,0.167,25.990,987855
1782481771786,0,0,0.000,6.615,6.607,0.188,0.157,0.194,25.904,987888
1782481771818,0,0,0.000,6.615,6.607,0.157,0.188,0.194,25.904,987921
1782481771853,0,0,0.006,6.615,6.607,0.188,0.157,0.194,25.818,987954
1782481771885,0,0,0.000,6.599,6.615,0.188,0.157,0.161,25.904,987987
1782481771919,0,0,0.000,6.615,6.607,0.157,0.157,0.161,25.904,988020
1782481771955,0,0,0.000,6.615,6.607,0.188,0.188,0.177,25.904,988053
1782481771985,0,0,0.000,6.615,6.607,0.157,0.157,0.194,25.904,988086
1782481772022,0,0,0.000,6.607,6.624,0.220,0.157,0.172,25.904,988119
1782481772051,0,0,0.000,6.607,6.615,0.126,0.220,0.161,25.904,988152
1782481772085,0,0,0.000,6.615,6.607,0.188,0.157,0.194,25.904,988185
1782481772118,0,0,0.000,6.607,6.607,0.157,0.126,0.177,25.904,988218
1782481772151,0,0,0.000,6.615,6.607,0.188,0.157,0.188,25.904,988251
1782481772186,0,0,0.000,6.615,6.607,0.188,0.157,0.183,25.904,988284
1782481772218,0,0,0.000,6.615,6.607,0.157,0.157,0.177,25.818,988317
1782481772251,0,0,0.000,6.607,6.615,0.188,0.157,0.188,25.904,988350
1782481772284,0,0,0.000,6.624,6.599,0.188,0.188,0.161,25.904,988383
1782481772318,0,0,0.000,6.615,6.607,0.188,0.188,0.199,25.904,988416
1782481772351,0,0,0.000,6.624,6.607,0.188,0.157,0.183,25.904,988449
1782481772384,0,0,0.000,6.615,6.607,0.157,0.157,0.194,25.904,988482
1782481772417,0,0,0.000,6.615,6.607,0.188,0.157,0.156,25.904,988515
1782481772451,0,0,0.000,6.607,6.615,0.188,0.188,0.188,25.904,988548
1782481772484,0,0,0.000,6.615,6.607,0.188,0.157,0.177,25.818,988581
1782481772517,0,0,0.000,6.624,6.607,0.126,0.157,0.188,25.818,988614
1782481772553,0,0,0.000,6.632,6.624,0.188,0.157,0.199,25.904,988647
1782481772584,0,0,0.000,6.615,6.615,0.188,0.157,0.177,25.818,988680
1782481772617,0,0,0.000,6.624,6.607,0.220,0.157,0.188,25.904,988713
1782481772654,0,0,0.000,6.615,6.607,0.188,0.157,0.183,25.818,988746
1782481772683,0,0,0.000,6.615,6.607,0.188,0.157,0.177,25.904,988779
1782481772716,0,0,0.006,6.615,6.607,0.188,0.126,0.204,25.818,988812
1782481772753,0,0,0.000,6.615,6.607,0.157,0.126,0.194,25.904,988845
1782481772783,0,0,0.000,6.615,6.607,0.188,0.126,0.204,25.904,988878
1782481772817,0,0,0.006,6.624,6.624,0.188,0.157,0.183,25.990,988911
1782481772850,0,0,0.000,6.615,6.607,0.188,0.157,0.183,25.904,988944
1782481772883,0,0,0.000,6.615,6.607,0.188,0.157,0.156,25.904,988977
1782481772916,0,0,0.006,6.607,6.607,0.188,0.126,0.177,25.818,989010
1782481772949,0,0,0.000,6.615,6.599,0.188,0.157,0.194,25.904,989043
1782481772983,0,0,0.000,6.632,6.599,0.188,0.157,0.156,25.904,989076
1782481773016,0,0,0.006,6.615,6.607,0.220,0.157,0.172,25.818,989109
1782481773049,0,0,0.000,6.615,6.607,0.188,0.188,0.183,25.904,989142
1782481773083,0,0,0.000,6.615,6.607,0.157,0.188,0.172,25.904,989175
1782481773115,0,0,0.000,6.615,6.599,0.188,0.157,0.167,25.904,989208
1782481773149,0,0,0.000,6.615,6.607,0.220,0.188,0.188,25.904,989241
1782481773184,0,0,0.000,6.607,6.607,0.188,0.157,0.194,25.904,989274
1782481773216,0,0,0.000,6.607,6.615,0.126,0.126,0.172,25.904,989307
1782481773249,0,0,0.006,6.624,6.615,0.188,0.126,0.172,25.990,989340
1782481773281,0,0,0.006,6.615,6.607,0.188,0.188,0.194,25.818,989373
1782481773324,0,0,0.000,6.615,6.607,0.157,0.188,0.177,25.904,989406
1782481773358,0,0,0.000,6.615,6.607,0.126,0.188,0.194,25.904,989439
1782481773390,0,0,0.000,6.607,6.607,0.188,0.188,0.183,25.904,989472
1782481773423,0,0,0.000,6.615,6.615,0.188,0.157,0.172,25.904,989505
1782481773456,0,0,0.000,6.624,6.607,0.188,0.126,0.194,25.818,989538
1782481773491,0,0,0.000,6.624,6.607,0.157,0.188,0.188,25.904,989571
1782481773523,0,0,0.000,6.615,6.607,0.188,0.220,0.156,25.990,989604
1782481773555,0,0,0.000,6.615,6.624,0.188,0.157,0.177,25.818,989637
1782481773595,0,0,0.006,6.624,6.615,0.126,0.157,0.167,25.904,989670
1782481773622,0,0,0.000,6.615,6.615,0.188,0.157,0.151,25.904,989703
1782481773655,0,0,0.000,6.624,6.607,0.188,0.157,0.177,25.904,989736
1782481773696,0,0,0.000,6.615,6.607,0.188,0.188,0.140,25.904,989769
1782481773721,0,0,0.000,6.615,6.607,0.157,0.157,0.134,25.904,989802
1782481773753,0,0,0.000,6.624,6.615,0.188,0.126,0.118,25.904,989835
1782481773786,0,0,0.000,6.615,6.607,0.188,0.220,0.113,25.904,989868
1782481773820,0,0,0.000,6.615,6.615,0.188,0.157,0.129,25.904,989901
1782481773853,0,0,0.000,6.615,6.624,0.220,0.157,0.124,25.904,989934
1782481773886,0,0,0.006,6.615,6.615,0.188,0.157,0.124,25.904,989967
1782481773919,0,0,0.000,6.624,6.607,0.157,0.157,0.124,25.904,990000
1782481773956,0,0,0.006,6.615,6.615,0.157,0.188,0.129,25.904,990033
1782481773998,0,0,0.006,6.615,6.607,0.157,0.188,0.177,25.818,990066
1782481774017,0,0,0.000,6.624,6.615,0.188,0.157,0.134,25.904,990099
1782481774051,0,0,0.000,6.624,6.615,0.188,0.126,0.129,25.904,990132
1782481774089,0,0,0.000,6.624,6.615,0.188,0.157,0.124,25.904,990165
1782481774117,0,0,0.000,6.624,6.615,0.188,0.157,0.129,25.904,990198
1782481774150,0,0,0.000,6.624,6.615,0.126,0.126,0.129,25.904,990231
1782481774190,0,0,0.000,6.624,6.599,0.157,0.188,0.129,25.904,990264
1782481774216,0,0,0.000,6.624,6.624,0.157,0.220,0.134,25.904,990297
1782481774252,0,0,0.006,6.624,6.607,0.188,0.188,0.113,25.904,990330
1782481774310,0,0,0.000,6.615,6.624,0.188,0.157,0.113,25.904,990363
1782481774315,0,0,0.000,6.632,6.615,0.188,0.188,0.129,25.904,990396
1782481774348,0,0,0.000,6.615,6.615,0.157,0.157,0.129,25.904,990429
1782481774381,0,0,0.000,6.624,6.615,0.126,0.157,0.134,25.818,990462
1782481774413,0,0,0.000,6.624,6.615,0.126,0.157,0.124,25.818,990495
1782481774448,0,0,0.000,6.615,6.624,0.157,0.126,0.118,25.904,990528
1782481774498,0,0,0.000,6.624,6.615,0.188,0.188,0.129,25.990,990561
1782481774515,0,0,0.000,6.624,6.615,0.188,0.157,0.129,25.904,990594
1782481774545,0,0,0.000,6.624,6.607,0.188,0.157,0.118,25.904,990627
1782481774579,0,0,0.000,6.624,6.607,0.188,0.188,0.129,25.904,990660
1782481774612,0,0,0.000,6.615,6.607,0.157,0.157,0.129,25.904,990693
1782481774645,0,0,0.000,6.615,6.615,0.188,0.126,0.161,25.904,990726
1782481774678,0,0,0.000,6.615,6.615,0.126,0.157,0.129,25.818,990759
1782481774712,0,0,0.000,6.624,6.615,0.188,0.188,0.129,25.818,990792
1782481774747,0,0,0.000,6.624,6.615,0.188,0.157,0.161,25.904,990825
1782481774779,0,0,0.000,6.624,6.615,0.188,0.157,0.129,25.904,990858
1782481774812,0,0,0.000,6.624,6.615,0.188,0.157,0.129,25.904,990891
1782481774845,0,0,0.000,6.615,6.615,0.188,0.157,0.129,25.904,990924
1782481774879,0,0,0.006,6.632,6.615,0.188,0.157,0.129,25.818,990957
1782481774912,0,0,0.000,6.607,6.607,0.188,0.157,0.129,25.904,990990
1782481774945,0,0,0.006,6.624,6.615,0.188,0.157,0.129,25.904,991023
1782481774978,0,0,0.006,6.615,6.615,0.188,0.157,0.151,25.904,991056
1782481775011,0,0,0.006,6.624,6.615,0.126,0.157,0.140,25.904,991089
1782481775045,0,0,0.000,6.615,6.607,0.220,0.188,0.199,25.904,991122
1782481775078,0,0,0.000,6.624,6.615,0.188,0.157,0.172,25.904,991155
1782481775112,0,0,0.000,6.615,6.607,0.157,0.188,0.172,25.818,991188
1782481775155,0,0,0.000,6.615,6.607,0.220,0.157,0.183,25.904,991221
1782481775178,0,0,0.000,6.615,6.607,0.188,0.157,0.156,25.904,991254
1782481775212,0,0,0.000,6.615,6.607,0.188,0.188,0.156,25.904,991287
1782481775245,0,0,0.000,6.615,6.615,0.188,0.157,0.183,25.904,991320
1782481775280,0,0,0.000,6.624,6.599,0.157,0.157,0.172,25.818,991353
1782481775310,0,0,0.000,6.615,6.624,0.157,0.188,0.183,25.904,991386
1782481775344,0,0,0.000,6.624,6.599,0.188,0.157,0.194,25.904,991419
1782481775377,0,0,0.000,6.624,6.615,0.220,0.126,0.194,25.904,991452
1782481775410,0,0,0.000,6.615,6.607,0.188,0.126,0.167,25.904,991485
1782481775444,0,0,0.006,6.615,6.607,0.188,0.188,0.167,25.904,991518
1782481775477,0,0,0.006,6.615,6.615,0.188,0.157,0.199,25.904,991551
1782481775511,0,0,0.000,6.615,6.615,0.188,0.157,0.183,25.904,991584
1782481775544,0,0,0.000,6.624,6.624,0.188,0.157,0.172,25.818,991617
1782481775587,0,0,0.000,6.615,6.615,0.157,0.126,0.156,25.904,991650
1782481775610,0,0,0.000,6.624,6.615,0.157,0.126,0.161,25.904,991683
1782481775644,0,0,0.000,6.615,6.607,0.157,0.188,0.161,25.904,991716
1782481775677,0,0,0.000,6.615,6.607,0.188,0.157,0.194,25.904,991749
1782481775710,0,0,0.000,6.615,6.607,0.157,0.126,0.199,25.904,991782
1782481775745,0,0,0.000,6.615,6.599,0.188,0.157,0.183,25.904,991815
1782481775776,0,0,0.000,6.624,6.607,0.188,0.157,0.177,25.904,991848
1782481775809,0,0,0.000,6.615,6.607,0.220,0.126,0.188,25.904,991881
1782481775845,0,0,0.000,6.607,6.607,0.188,0.157,0.177,25.904,991914
1782481775885,0,0,0.000,6.615,6.615,0.188,0.126,0.188,25.904,991947
1782481775910,0,0,0.000,6.615,6.615,0.188,0.126,0.161,25.904,991980
1782481775949,0,0,0.000,6.607,6.607,0.188,0.157,0.194,25.904,992013
1782481775975,0,0,0.000,6.624,6.624,0.188,0.126,0.172,25.904,992046
1782481776009,0,0,0.000,6.615,6.615,0.188,0.188,0.183,25.904,992079
1782481776042,0,0,0.000,6.615,6.607,0.188,0.157,0.177,25.904,992112
1782481776075,0,0,0.000,6.624,6.624,0.188,0.157,0.156,25.904,992145
1782481776109,0,0,0.000,6.624,6.615,0.188,0.157,0.194,25.818,992178
1782481776141,0,0,0.000,6.624,6.615,0.188,0.126,0.188,25.904,992211
1782481776175,0,0,0.000,6.624,6.615,0.188,0.126,0.156,25.904,992244
1782481776208,0,0,0.000,6.607,6.607,0.188,0.157,0.188,25.904,992277
1782481776242,0,0,0.000,6.615,6.607,0.220,0.157,0.172,25.904,992310
1782481776275,0,0,0.000,6.624,6.615,0.220,0.188,0.215,25.818,992343
1782481776309,0,0,0.000,6.615,6.607,0.188,0.157,0.194,25.818,992376
1782481776342,0,0,0.000,6.607,6.615,0.188,0.157,0.177,25.904,992409
1782481776374,0,0,0.000,6.615,6.599,0.188,0.157,0.188,25.818,992442
1782481776408,0,0,0.000,6.607,6.615,0.220,0.126,0.177,25.818,992475
1782481776445,0,0,0.000,6.607,6.615,0.188,0.157,0.177,25.990,992508
